{
  "accuracy": 0.9523271066081687,
  "precision": 0.829616637434227,
  "recall": 0.8985074626865671,
  "f1_score": 0.8626889004689943,
  "roc_auc": 0.9748906358351533,
  "cv_recall_mean": 0.8942940386447317,
  "cv_recall_std": 0.0035489324121490643
}